{
	"components": [
		{
			"id": "getessentialmethods",
			"type": "VIEW_PLUGIN",
			"allowMultipleInstances": true,
			"name": "br.custom.plugins.getessentialmethods",
			"propertyEditor": "br.custom.plugins.getessentialmethods.builder.PropertyEditor",
			"i18n": "br.custom.plugins.getessentialmethods.i18n.i18n",
            "productionProcessEnabled": true,
           "productionProcessTitle": "getessentialmethods",
			"supportedPodTypes": ["OPERATION","WORK_CENTER","ORDER","OTHER","MONITOR"]
		}   
	]
}